author,body,created_utc,id,link_id,parent_id,score,stickied,subreddit_id
proof_in_pudding,Yeah I'm curious to hear the ancient recipe.,1709672690,ktidkw4,t3_1b7ga8k,t3_1b7ga8k,40,False,t5_4aoxhu
Cute-Membership8312,"For the reader; bear in mind that there are risks with ashwagandha. Not everyone has a good experience. 
From Anhedonia, emotional blunting, and potential liver issues. Good reports are nice, but there‚Äôs plenty of negative occurrence with ashwagandha to be aware of prior to use 
Your grandpa is a G though",1709688679,ktjlvl1,t3_1b7ga8k,t3_1b7ga8k,20,False,t5_4aoxhu
DoggoChann,Posting this and not even saying exactly what he takes is a total waste of time,1709673239,ktif8nd,t3_1b7ga8k,t3_1b7ga8k,39,False,t5_4aoxhu
ChaireClank,My grandmother smoked cigarettes until she died at the ripe age of 92,1709675753,ktimw9o,t3_1b7ga8k,t3_1b7ga8k,29,False,t5_4aoxhu
spaghetyboi,"Bro, my grandfather is the same. Brahmin man in India, now 96 years old. Never touched meat, alcohol, cigarettes, only eats food cooked at home, walks everyday, and even used to ride a bicycle until 3-5 years ago. I don‚Äôt know how, but even today, he is able to walk and is perfectly healthy without any conditions at all.",1709857370,ktueyce,t3_1b7ga8k,t3_1b7ga8k,4,False,t5_4aoxhu
Motor_Ad_4504,Very interested in this! Could you post?,1709677281,ktird1z,t3_1b7ga8k,t3_1b7ga8k,3,False,t5_4aoxhu
Athoughtspace,What does no outside food or drink mean,1709678214,ktiu0vv,t3_1b7ga8k,t3_1b7ga8k,3,False,t5_4aoxhu
Northamptoner,"It will be interesting to see the list. Ashwagandha raises testosterone; that can be good for the older folks. It also reduces cortisol, which is great, since too much cortisol can be bad.",1709691000,ktjrw7f,t3_1b7ga8k,t3_1b7ga8k,3,False,t5_4aoxhu
greatselection222,I‚Äôm curious about the recipe,1709707198,ktkqft0,t3_1b7ga8k,t3_1b7ga8k,3,False,t5_4aoxhu
LockInfinite8682,I think the real answer is vegan ie eating right and exercise walking after dinner.,1709730864,ktlr035,t3_1b7ga8k,t3_1b7ga8k,3,False,t5_4aoxhu
BibBobBoo1,Still waiting for your MLM account to be activated?  Haha,1709743875,ktmq6og,t3_1b7ga8k,t3_1b7ga8k,3,False,t5_4aoxhu
mitrandimotor,Only home cooked meals is a massive thing.  Basically zero processed food. Very people eat like this in a modern society.,1709769830,ktovdxn,t3_1b7ga8k,t3_1b7ga8k,3,False,t5_4aoxhu
Curious_A_Crane,Comment so I can find this later,1709771488,ktozn7d,t3_1b7ga8k,t3_1b7ga8k,3,False,t5_4aoxhu
2lostnspace2,Remind me one week,1709680235,ktizpso,t3_1b7ga8k,t3_1b7ga8k,2,False,t5_4aoxhu
Klaud10z,Remind me two days,1709680836,ktj1cr8,t3_1b7ga8k,t3_1b7ga8k,2,False,t5_4aoxhu
Barkmywords,RemindMe! 2 days,1709681112,ktj23ob,t3_1b7ga8k,t3_1b7ga8k,2,False,t5_4aoxhu
KFCPAPI,lets see the recipe,1709682131,ktj4tom,t3_1b7ga8k,t3_1b7ga8k,2,False,t5_4aoxhu
devjohn24k,Someone update me when they post the list,1709687262,ktji79n,t3_1b7ga8k,t3_1b7ga8k,2,False,t5_4aoxhu
Flyboys_89,RemindMe! 2 days,1709691137,ktjs8mi,t3_1b7ga8k,t3_1b7ga8k,2,False,t5_4aoxhu
_l_Eternal_Gamer_l_,"Yes post the recipe, with amounts and proportions,  and the sources of ingredients. 

Yes post hiss daily schedule and a theory behind that, from his words.

Also, ask him about any wisdom he can impart on us, internet peoples.",1709693380,ktjxwk3,t3_1b7ga8k,t3_1b7ga8k,2,False,t5_4aoxhu
suripanto,Very interested,1709704152,ktklbr8,t3_1b7ga8k,t3_1b7ga8k,2,False,t5_4aoxhu
Optinside,Just ordered my second bag of ashwaganda which I use about 1 or 2 grams into my morning smoothy. So far can't confirm any effects¬†,1709708736,ktksubv,t3_1b7ga8k,t3_1b7ga8k,2,False,t5_4aoxhu
DisabledSuperhero,I would like that list,1709713301,ktkzdu7,t3_1b7ga8k,t3_1b7ga8k,2,False,t5_4aoxhu
madgeorge1,Remind me in 2 days,1709728416,ktllu9r,t3_1b7ga8k,t3_1b7ga8k,2,False,t5_4aoxhu
OutlandishnessJolly9,7 Herbs? 7 chakras? Is there a spiritual practice he rfllows,1709729567,ktlo72p,t3_1b7ga8k,t3_1b7ga8k,2,False,t5_4aoxhu
No-Prompt2600,Tell me,1709730871,ktlr0lo,t3_1b7ga8k,t3_1b7ga8k,2,False,t5_4aoxhu
sisanelizamarsh,"So you are telling me a vegetarian who walks 45 minutes every day and doesn‚Äôt eat out is healthy? I would expect nothing less! Supplements aside, this is a great recipe for a healthy life.",1709731050,ktlrfac,t3_1b7ga8k,t3_1b7ga8k,2,False,t5_4aoxhu
Square_Future_5040,RemindMe! 7 days,1709731069,ktlrguw,t3_1b7ga8k,t3_1b7ga8k,2,False,t5_4aoxhu
Jrfrom262,My great grandfather lived until 107 years old. Tequila was his breakfast lol,1709731088,ktlrifs,t3_1b7ga8k,t3_1b7ga8k,2,False,t5_4aoxhu
Chucub,Remindme! 2 days,1709731563,ktlslqt,t3_1b7ga8k,t3_1b7ga8k,2,False,t5_4aoxhu
crisco000,RemindMe! 2 days,1709731640,ktlss1p,t3_1b7ga8k,t3_1b7ga8k,2,False,t5_4aoxhu
FunmiaOF,Ugh,1709732346,ktlufs2,t3_1b7ga8k,t3_1b7ga8k,2,False,t5_4aoxhu
AbuSaffiya,"Sounds good. He's a very disciplined person which def contributes to his excellent health. Discipline is a bad word nowadays, but it's really key if you want to live healthy and feel great.

I'm guessing he's Indian, b/c I don't think anybody on this continent knew what Ashwagandha was 70 years ago?",1709732400,ktluk99,t3_1b7ga8k,t3_1b7ga8k,2,False,t5_4aoxhu
FireflyAdvocate,RemindMe! 1 week,1709732571,ktluyz0,t3_1b7ga8k,t3_1b7ga8k,2,False,t5_4aoxhu
NightmareUnicorn701,!remindme 2 days,1709733356,ktlwv4k,t3_1b7ga8k,t3_1b7ga8k,2,False,t5_4aoxhu
DoctorNurse89,"An appeal to ""ancient wisdom"" okay bro",1709734206,ktlyy2s,t3_1b7ga8k,t3_1b7ga8k,2,False,t5_4aoxhu
Opus_N,Definitely would like to know,1709734424,ktlzhkc,t3_1b7ga8k,t3_1b7ga8k,2,False,t5_4aoxhu
darekta,Please let us know! Where is he from?,1709734980,ktm0wgf,t3_1b7ga8k,t3_1b7ga8k,2,False,t5_4aoxhu
redtraveler,RemindMe! 2 days,1709735447,ktm23g2,t3_1b7ga8k,t3_1b7ga8k,2,False,t5_4aoxhu
LifeSpecial42866,Why do people post things like this?,1709736678,ktm5c7z,t3_1b7ga8k,t3_1b7ga8k,2,False,t5_4aoxhu
UrdoodMood,Bump please,1709737995,ktm8xkh,t3_1b7ga8k,t3_1b7ga8k,2,False,t5_4aoxhu
Bdtvx5788,RemindMe! 3 days,1709738014,ktm8zkv,t3_1b7ga8k,t3_1b7ga8k,2,False,t5_4aoxhu
Hygro,tbh it sounds like your grandpa does a lot of things that have profound health impacts long before you would even consider his 7 herb mix.,1709738064,ktm94k5,t3_1b7ga8k,t3_1b7ga8k,2,False,t5_4aoxhu
RemigioGi,My grandmother lived to 99 years old. Lived alone and had a glass of homemade wine everyday. Never ate in a restaurant and walked everywhere.,1709738555,ktmai44,t3_1b7ga8k,t3_1b7ga8k,2,False,t5_4aoxhu
Emergency_Dragonfly4,Remind me! 7 days.,1709739078,ktmbzv5,t3_1b7ga8k,t3_1b7ga8k,2,False,t5_4aoxhu
TheIdealHominidae,"would be nice to know his blood cortisol levels (ash lower it iirc) and inflammatory markers (crp, ALT, AST, lactate dehydrogenase)",1709740007,ktmep5c,t3_1b7ga8k,t3_1b7ga8k,2,False,t5_4aoxhu
Dynamix_X,!remindme 3 days,1709740484,ktmg3w4,t3_1b7ga8k,t3_1b7ga8k,2,False,t5_4aoxhu
Pure_Ad1186,Please do share,1709744346,ktmrmc2,t3_1b7ga8k,t3_1b7ga8k,2,False,t5_4aoxhu
Extension_Layer_7809,RemindMe! 7 days,1709744585,ktmsc2c,t3_1b7ga8k,t3_1b7ga8k,2,False,t5_4aoxhu
ebstein01,!remindme 7 days,1709744808,ktmt0gc,t3_1b7ga8k,t3_1b7ga8k,2,False,t5_4aoxhu
BagFit7400,No outside food or drink? As In he only eats what he cooks?,1709746037,ktmws0j,t3_1b7ga8k,t3_1b7ga8k,2,False,t5_4aoxhu
IronRT,Let us know what your grandpa‚Äôs Daily 7-Herb protocol is.,1709746098,ktmwyre,t3_1b7ga8k,t3_1b7ga8k,2,False,t5_4aoxhu
Itchyhead12,Here's a downvote for ya,1709746478,ktmy4ul,t3_1b7ga8k,t3_1b7ga8k,2,False,t5_4aoxhu
not-enough-mana,Instead of ‚Äúincidents‚Äù I believe the correct word you‚Äôre looking for is ‚Äúingredients‚Äù,1709746975,ktmzoku,t3_1b7ga8k,t3_1b7ga8k,2,False,t5_4aoxhu
RealityAltruistic589,RemindMe! 2 fucking days yo,1709747929,ktn2nxp,t3_1b7ga8k,t3_1b7ga8k,2,False,t5_4aoxhu
Fit-Amphibian7813,Remindme! 2 days,1709749081,ktn66tw,t3_1b7ga8k,t3_1b7ga8k,2,False,t5_4aoxhu
derokieausmuskogee,"I used to take it and thought it really helped me. I need to remember to keep taking it. It makes a nice tea that has a really nice mild spiciness to it, kind of like a really mild ginger. I think it's actually somewhat related to ginger in terms of the active compounds that are supposed to have health benefits. It's considered to be an adaptogen like ginger, that much I know.",1709749121,ktn6bby,t3_1b7ga8k,t3_1b7ga8k,2,False,t5_4aoxhu
bodise6673,Remind me! 2 days,1709749145,ktn6e09,t3_1b7ga8k,t3_1b7ga8k,2,False,t5_4aoxhu
FungusAmongstUst,"Walking after dinner or any meal is what the Classical Chinese doctors recommend along with other small things. (Or one famous doctor anyways) ‚Äú walk 100 steps after a meal‚Äù was the exact wording. But he meant go for a long walk.

Also rice and vegetables as a staple with small portions of meat as a condiment is another one.",1709749652,ktn7yow,t3_1b7ga8k,t3_1b7ga8k,2,False,t5_4aoxhu
ElegantDoor3583,RemindMe! 2 days,1709751194,ktncqzn,t3_1b7ga8k,t3_1b7ga8k,2,False,t5_4aoxhu
Tongue-n-cheeks,I‚Äôd like to see his ingredients. Because I smoked an average of 5 blunts a day the past 25 years. Thanks to family genetics I‚Äôm still in great shape but I know I need something to counteract my years of abuse. Even though I dialed it back 90%,1709751706,ktnecno,t3_1b7ga8k,t3_1b7ga8k,2,False,t5_4aoxhu
kittyfeli,Remind me 2 days,1709753014,ktnidkg,t3_1b7ga8k,t3_1b7ga8k,2,False,t5_4aoxhu
cab1024,Remind me in 2 days,1709753942,ktnl7zc,t3_1b7ga8k,t3_1b7ga8k,2,False,t5_4aoxhu
BigBlueRedYellow,Remind me 2 days,1709754637,ktnncts,t3_1b7ga8k,t3_1b7ga8k,2,False,t5_4aoxhu
xCOVERxIDx,Remindme! 2 days,1709755807,ktnqydr,t3_1b7ga8k,t3_1b7ga8k,2,False,t5_4aoxhu
bonkQueen6385,It seems likely that is spectacular health can be attributed to his complete lack of Randal cycle having been induced in his life. If he has been a vegetarian his whole life and has eaten a high carb diet with large reasonable exercise after every meal then his body isn't suffering through oxidative stress or significant amounts of inflammation that using both carbs and fat together as a fuel source causes. You can get the same effect from being a lifelong carnivore.,1709755861,ktnr48v,t3_1b7ga8k,t3_1b7ga8k,2,False,t5_4aoxhu
broken777,RemindMe! 2 days,1709755986,ktnri6z,t3_1b7ga8k,t3_1b7ga8k,2,False,t5_4aoxhu
LtdMod,Please share recipe :),1709756030,ktnrmvj,t3_1b7ga8k,t3_1b7ga8k,2,False,t5_4aoxhu
ob-1iv-ious,Remindme! 2 days,1709757929,ktnxffh,t3_1b7ga8k,t3_1b7ga8k,2,False,t5_4aoxhu
Benedicts_Twin,Vegetarian + daily physical activity >>>> ashwaganda,1709759604,kto2k6e,t3_1b7ga8k,t3_1b7ga8k,2,False,t5_4aoxhu
DLDabber,Remind me 2 days,1709760581,kto5kv6,t3_1b7ga8k,t3_1b7ga8k,2,False,t5_4aoxhu
Super_Automatic,"This is called survivorship bias. 

My grandmother is 92, and she's never heard of ashwagandha.",1709761033,kto6yts,t3_1b7ga8k,t3_1b7ga8k,2,False,t5_4aoxhu
astrologikal,RemindMe! 2 days,1709761506,kto8c4h,t3_1b7ga8k,t3_1b7ga8k,2,False,t5_4aoxhu
Frosty_Blueberry3418,"Thank you for sharing, I'm very anticipating the mixture",1709762508,ktobc6m,t3_1b7ga8k,t3_1b7ga8k,2,False,t5_4aoxhu
Frosty_Blueberry3418,!remindme,1709762600,ktobm47,t3_1b7ga8k,t3_1b7ga8k,2,False,t5_4aoxhu
FlowThrower,RemindMe! 2 days,1709762887,ktoch2w,t3_1b7ga8k,t3_1b7ga8k,2,False,t5_4aoxhu
MarvelousWhale,"There's probably a variety of reasons he's in such better condition, walking after eating could be one for sure",1709763345,ktodui9,t3_1b7ga8k,t3_1b7ga8k,2,False,t5_4aoxhu
Western-Pound693,Remind me 2 days,1709763888,ktofgdv,t3_1b7ga8k,t3_1b7ga8k,2,False,t5_4aoxhu
Uniboy26,Following,1709764421,ktoh067,t3_1b7ga8k,t3_1b7ga8k,2,False,t5_4aoxhu
madanraj1,"If he drinks two cups of tea then he must be from India. 
Most of Indian and Nepali people use Herbs in their kitchen. 
I have been taking Ashwagandha for 3 years with some other Indian herbs. 
I‚Äôm originally from nepal and we are used to take all these Herbal powders.",1709764736,ktohww4,t3_1b7ga8k,t3_1b7ga8k,2,False,t5_4aoxhu
monkey-seat,RemindMe! 2 days,1709766231,ktom2qp,t3_1b7ga8k,t3_1b7ga8k,2,False,t5_4aoxhu
OX_86,!remindme 2 days,1709767385,ktop7ck,t3_1b7ga8k,t3_1b7ga8k,2,False,t5_4aoxhu
R-enthusiastic,This is refreshing to hear. Go grandpa.,1709767417,ktopai3,t3_1b7ga8k,t3_1b7ga8k,2,False,t5_4aoxhu
silverladder,RemindMe! 2 days,1709768130,ktor76z,t3_1b7ga8k,t3_1b7ga8k,2,False,t5_4aoxhu
fauxofkaos,RemindMe! 2 days,1709770471,ktox058,t3_1b7ga8k,t3_1b7ga8k,2,False,t5_4aoxhu
MrinfoK,"Absolutely, please post",1709770516,ktox4dy,t3_1b7ga8k,t3_1b7ga8k,2,False,t5_4aoxhu
Single-Impact-8109,RemindMe! 72 hours,1709770536,ktox69s,t3_1b7ga8k,t3_1b7ga8k,2,False,t5_4aoxhu
MrinfoK,Betting that garlic and ginger are in the list of seven lol,1709770567,ktox97o,t3_1b7ga8k,t3_1b7ga8k,2,False,t5_4aoxhu
BoredHobbes,"""If anyone wants I will post the full 7 list of incidents when I visit him in a few days.""

&#x200B;

yes please",1709770799,ktoxuvk,t3_1b7ga8k,t3_1b7ga8k,2,False,t5_4aoxhu
Flimsy_Drawing6855,RemindMe! 2 days,1709771341,ktoz9br,t3_1b7ga8k,t3_1b7ga8k,2,False,t5_4aoxhu
imogen6969,He sounds lovely. Truly.,1709771374,ktozci8,t3_1b7ga8k,t3_1b7ga8k,2,False,t5_4aoxhu
throwaway8472903470,"Vegetarian 
Doesn‚Äôt eat meat not even once 
Never used any animal product 
Runs ultra marathons 
Also ex navy seal 
Also can fly 
Also is Jesus and allah and Santa and ghandi 


‚Ä¶..Oh also he takes ashwagandha and that‚Äôs what this post is about in nootropics‚Ä¶‚Ä¶.",1709772426,ktp22pi,t3_1b7ga8k,t3_1b7ga8k,2,False,t5_4aoxhu
ilovedoxo,Let us know üôèüèº,1709772926,ktp3dyk,t3_1b7ga8k,t3_1b7ga8k,2,False,t5_4aoxhu
Iveenteredthematrix,Remind me! 2 days,1709773082,ktp3shs,t3_1b7ga8k,t3_1b7ga8k,2,False,t5_4aoxhu
msim2393,Following,1709773897,ktp5wpy,t3_1b7ga8k,t3_1b7ga8k,2,False,t5_4aoxhu
PatientPear4079,Wild as I just bought some ashwaganda lol,1709779155,ktpjjq9,t3_1b7ga8k,t3_1b7ga8k,2,False,t5_4aoxhu
jimmyjohn1237,No outside food or drink? Meaning like you make everything yourself?,1709780454,ktpmuut,t3_1b7ga8k,t3_1b7ga8k,2,False,t5_4aoxhu
Evidence_UC,Does he put sugar in his masala tea?,1709781950,ktpqkgo,t3_1b7ga8k,t3_1b7ga8k,2,False,t5_4aoxhu
StrongAndKind94,"I‚Äôd say it‚Äôs more genetics, my fianc√©s grandfather is 98 and all he takes is Metamucil and some heart medications. That man survived world war 2 has a Purple Heart and POW medal AND drinks scotch every day for ‚Äúhappy hour‚Äù. Dude doesn‚Äôt use a cane, wears new balance sneakers and eats Chinese food on occasion. Makes me realize nothing out does genetics",1709783620,ktpukko,t3_1b7ga8k,t3_1b7ga8k,2,False,t5_4aoxhu
Ryoga_reddit,"My grandfather smoked a pack of cigarettes a day since he was 12, ate butter heavy foods, and loved to talk and loved strategy games, puzzles and mysteries.
Died at 99.
Ok not really my grandfather but the stories are out there.
Luck of the draw people.",1709791867,ktqbbac,t3_1b7ga8k,t3_1b7ga8k,2,False,t5_4aoxhu
Big_Parsley_1635,I gotta become a vegetarian.,1709811107,ktr3eyw,t3_1b7ga8k,t3_1b7ga8k,2,False,t5_4aoxhu
AJWrecks,"Let's get the update to this, very curious!",1709815127,ktrastz,t3_1b7ga8k,t3_1b7ga8k,2,False,t5_4aoxhu
SeanyDay,"Something people selectively forget to keep their narrative alive is that it's not about the drink or mix the old person says they take every day.

It's that this is a person who consciously chooses choices they view as ""healthy"" every day.

It's not about the old lady who drinks a doctor pepper every day or this mix your grandfather takes.

It's that most of their generation doesn't have that sort of discipline or focus on their own health. These people with routines lasting almost a century have a bunch of other habits too.

I swear people want to believe in miracle elixers more than hard work and dedication... Grow up! The gains from health supplements are marginal, unless you have a built-in deficiency that needs to be compensated for via diet or conditions.",1709816012,ktrcmg2,t3_1b7ga8k,t3_1b7ga8k,2,False,t5_4aoxhu
1OfTheCrazies,RemindMe! 2 days,1709819739,ktrl4uq,t3_1b7ga8k,t3_1b7ga8k,2,False,t5_4aoxhu
wittynwild,Following bc interested,1709825151,ktrzlnc,t3_1b7ga8k,t3_1b7ga8k,2,False,t5_4aoxhu
Karenalyvia,"I‚Äôd be curious to know what he eats for a hardy breakfast, since it sounds like he‚Äôs essentially plant based. And I‚Äôm also interested in the herbs.",1709825878,kts1ptq,t3_1b7ga8k,t3_1b7ga8k,2,False,t5_4aoxhu
azerty543,"My grandma is 92, goes swimming every day and absolutely dominates the bridge (card game) in her community.  All I ever see her eat is bread and she's on some basic blood pressure medication and stuff but that's all.  Honestly some people have good genetics and these anecdotal accounts aren't useful for anyone.",1709829848,ktscaul,t3_1b7ga8k,t3_1b7ga8k,2,False,t5_4aoxhu
darkaydix,Remindme! 2 days,1709835961,ktsuy5e,t3_1b7ga8k,t3_1b7ga8k,2,False,t5_4aoxhu
julio_anomalous,My grandparents chew on coca leaves. That seems to work for them,1709845890,kttl61f,t3_1b7ga8k,t3_1b7ga8k,2,False,t5_4aoxhu
Dizzy-Violinist-1772,Someone please tell me when the herbs are posted,1709848540,kttt2zx,t3_1b7ga8k,t3_1b7ga8k,2,False,t5_4aoxhu
MushroomMermaid80,"The ashwagandha at Costco is really good quality. I swear by it plus Calm magnesium drink for sleep. I also use a Manta sleep mask, a sleep soundtrack, air purifier, humidifier set to 60%, meditation but it works",1709849956,kttx9sq,t3_1b7ga8k,t3_1b7ga8k,2,False,t5_4aoxhu
Most_Ad_4362,"Is there a ratio or amount of the different herbs? 

Edit:- so I asked him and here is the mix  
  
1-Stem of plant Tinospora  
  
2-bindii  
  
3-indian gooseberry  
  
4-ashwagandha  
  
5-Liquorice(not take if u have diabetes)  
  
6-Asparagus racemosus",1709852208,ktu3rus,t3_1b7ga8k,t3_1b7ga8k,2,False,t5_4aoxhu
Timely-Pie-7226,Remindme 2days!!,1709852796,ktu5btt,t3_1b7ga8k,t3_1b7ga8k,2,False,t5_4aoxhu
CactusButtChug,correlation aint causation. sounds like his overall lifestyle is healthy. but i am curious of the stack,1709679703,ktiy91v,t3_1b7ga8k,t3_1b7ga8k,2,False,t5_4aoxhu
Saythat_tomyTinnitus,Correlation vs causation. There are tons of factors that contribute to longevity.¬†,1709680943,ktj1n86,t3_1b7ga8k,t3_1b7ga8k,2,False,t5_4aoxhu
Alive-Wing7801,RemindMe! 2 days,1709774013,ktp67kw,t3_1b7ga8k,t3_1b7ga8k,1,False,t5_4aoxhu
joytothesoul,Remind me. 2 days.,1709777085,ktpe93p,t3_1b7ga8k,t3_1b7ga8k,1,False,t5_4aoxhu
Ok_Visit_1968,Remind me in 5 days.,1709779660,ktpktts,t3_1b7ga8k,t3_1b7ga8k,1,False,t5_4aoxhu
jimmyjohn1237,RemindMe! 7 days,1709780516,ktpn0gy,t3_1b7ga8k,t3_1b7ga8k,1,False,t5_4aoxhu
bestsloper,RemindMe! 2 days,1709781102,ktpohck,t3_1b7ga8k,t3_1b7ga8k,1,False,t5_4aoxhu
tacotuesdaysforme,Remindme! 24 hours.,1709782549,ktps0nu,t3_1b7ga8k,t3_1b7ga8k,1,False,t5_4aoxhu
Bufangi,RemindMe! 2 days,1709782832,ktpsoz7,t3_1b7ga8k,t3_1b7ga8k,1,False,t5_4aoxhu
peacefulcounselor,Remind Me! 2 days,1709784257,ktpw0y5,t3_1b7ga8k,t3_1b7ga8k,1,False,t5_4aoxhu
peacefulcounselor,RemindMe! 72 hours,1709784328,ktpw6qo,t3_1b7ga8k,t3_1b7ga8k,1,False,t5_4aoxhu
Reversehibernate,Remindme! 2 days,1709784850,ktpxdck,t3_1b7ga8k,t3_1b7ga8k,1,False,t5_4aoxhu
mangothicc,remind me! 2 days,1709786720,ktq1gq4,t3_1b7ga8k,t3_1b7ga8k,1,False,t5_4aoxhu
Thi3fs,Remind me. 2 days.,1709787085,ktq28ur,t3_1b7ga8k,t3_1b7ga8k,1,False,t5_4aoxhu
Hailstormpix,Remindme! 2 days,1709787605,ktq3b8a,t3_1b7ga8k,t3_1b7ga8k,1,False,t5_4aoxhu
SnowGlobe17,Remindme! 2 days,1709788008,ktq44q3,t3_1b7ga8k,t3_1b7ga8k,1,False,t5_4aoxhu
jimothythe2nd,Sure let me know. I love me some ashwagandga.,1709788475,ktq524r,t3_1b7ga8k,t3_1b7ga8k,1,False,t5_4aoxhu
in2stars,Thank you very much (:,1709788741,ktq5ku8,t3_1b7ga8k,t3_1b7ga8k,1,False,t5_4aoxhu
jungleliving,"I totally things those herbs legit help. The thing with Ayurveda though, they usually make a mix of herbs tailored specifically to the individual. Everyone would need different herbs depending on their constitution. That‚Äôs my experience. I got them made for me at an ayurvedic school in colorado multiple times. I liked the effects! But then I moved away.",1709791307,ktqabzf,t3_1b7ga8k,t3_1b7ga8k,1,False,t5_4aoxhu
IAMAhydrogenmonoxide,RemindMe! 2 days,1709791788,ktqb69h,t3_1b7ga8k,t3_1b7ga8k,1,False,t5_4aoxhu
YumiiJo,I‚Äôm interested,1709793045,ktqda03,t3_1b7ga8k,t3_1b7ga8k,1,False,t5_4aoxhu
XrayDelta2022,Would like to know.,1709793800,ktqehx6,t3_1b7ga8k,t3_1b7ga8k,1,False,t5_4aoxhu
Grand_Acanthisitta36,Remind me! 2 days,1709793851,ktqekx2,t3_1b7ga8k,t3_1b7ga8k,1,False,t5_4aoxhu
EntertainmentOnly784,Subscribed,1709794838,ktqg57r,t3_1b7ga8k,t3_1b7ga8k,1,False,t5_4aoxhu
pantsoffairline,Post a pic of him.,1709795874,ktqhpyx,t3_1b7ga8k,t3_1b7ga8k,1,False,t5_4aoxhu
SuperTimbo16,RemindMe!  2 days,1709796260,ktqib1n,t3_1b7ga8k,t3_1b7ga8k,1,False,t5_4aoxhu
roguebandwidth,!Remindme6days,1709797852,ktqknsg,t3_1b7ga8k,t3_1b7ga8k,1,False,t5_4aoxhu
gratefigbish6767,!remindme 3 days,1709798993,ktqmbhr,t3_1b7ga8k,t3_1b7ga8k,1,False,t5_4aoxhu
Curlyq426,Remind me 2 days,1709801405,ktqpmxr,t3_1b7ga8k,t3_1b7ga8k,1,False,t5_4aoxhu
Curlyq426,!remindme 1day,1709801513,ktqpsbd,t3_1b7ga8k,t3_1b7ga8k,1,False,t5_4aoxhu
SecretInternal9454,Remindme! 2 days,1709815944,ktrch9k,t3_1b7ga8k,t3_1b7ga8k,1,False,t5_4aoxhu
Delinquentmuskrat,Can someone comment on this comment for easy access later,1709818362,ktrhtzk,t3_1b7ga8k,t3_1b7ga8k,1,False,t5_4aoxhu
_l_Eternal_Gamer_l_,"Thank you for updating on grandfather. 

How does he get his protein,  milk, or fish, or rice and beans possibly? There are different types of vegetarian. 

Could you say Thank you to grandfather from internet people, his knowledge and advice is helpful.",1709860412,ktumfw2,t3_1b7ga8k,t3_1b7ga8k,1,False,t5_4aoxhu
IncomeAny1453,How many miligrams?,1709871139,ktvd7lq,t3_1b7ga8k,t3_1b7ga8k,1,False,t5_4aoxhu
zank_ree,"I'm not sure if this regimen is the reason why your dad is healthy. 

I think it was steve Job's doctor who explained that the key to a healthy life style is to eat and do the same things everyday. This reduces stress on your body from introducing new stuff for it to deal with.   It kept Steve jobs alive for a lot longer than expected.",1709873468,ktvi9rm,t3_1b7ga8k,t3_1b7ga8k,1,False,t5_4aoxhu
DriftThroughSpace,His lifestyle is what makes him super healthy. He would probably be just as healthy without his herbs.,1709875300,ktvm0tb,t3_1b7ga8k,t3_1b7ga8k,1,False,t5_4aoxhu
No-Tree6859,Thank you for sharing the recipe! Do you know how many generations the recipe's been in the family?,1709897408,ktwi46b,t3_1b7ga8k,t3_1b7ga8k,1,False,t5_4aoxhu
foureyes0-0,Remindme! 2 days,1709682732,ktj6eri,t3_1b7ga8k,t3_1b7ga8k,1,False,t5_4aoxhu
Scotlas,RemindMe! Four days,1709685263,ktjczek,t3_1b7ga8k,t3_1b7ga8k,1,False,t5_4aoxhu
just_me_again123,RemindMe! 2 days,1709690994,ktjrvlj,t3_1b7ga8k,t3_1b7ga8k,1,False,t5_4aoxhu
InternationalBend310,Remind me,1709695269,ktk2lx3,t3_1b7ga8k,t3_1b7ga8k,1,False,t5_4aoxhu
No_Scarcity_4582,RemindMe! 4 days,1709697460,ktk7s1y,t3_1b7ga8k,t3_1b7ga8k,1,False,t5_4aoxhu
thelionswill,RemindMe! 2 days,1709699864,ktkd0mf,t3_1b7ga8k,t3_1b7ga8k,1,False,t5_4aoxhu
Life-Tip4132,RemindMe! 2 days,1709702918,ktkj256,t3_1b7ga8k,t3_1b7ga8k,1,False,t5_4aoxhu
MrNeverEverKnew,RemindMe! 3 days,1709710704,ktkvqa9,t3_1b7ga8k,t3_1b7ga8k,1,False,t5_4aoxhu
AquaticApplesauce,Fake. Post recipe or fake,1709711134,ktkwccn,t3_1b7ga8k,t3_1b7ga8k,1,False,t5_4aoxhu
Decent-Boysenberry72,"Yeh, i met a dude that had to have an emergency liver transplant after one dose of Ashwagandha.  

My guess is your granpy has good genes.",1709673936,ktihd9s,t3_1b7ga8k,t3_1b7ga8k,0,False,t5_4aoxhu
FearlessRestaurant98,I will update it in 2 days. probably will also have to find the English names of the herbs,1709673222,ktif6pw,t3_1b7ga8k,t1_ktidkw4,42,False,t5_4aoxhu
Pure_Abbreviations59,"I honestly hate saying this because I‚Äôm the biggest health nut I know. But it‚Äôs mainly genetics and we know that at this point it‚Äôs facts and there‚Äôs no major booster compounds according longevity experts who study longevity full time for a career. It really interests me so I‚Äôve studied it a bit. My grandparents are a great example because they smoked and were alcoholic for years all while eating whatever the hell they wanted. They are 91 and 93 and completely breezed through having covid better than the rest of us even and granny was completely a symptomatic believe it or not. 

But it‚Äôs still so unbelievably totally worth it living much healthier to feel your best and I know that more than anyone after my own battles with alcoholism getting severely physically addicted for years and years and now living healthier than anyone I know. Sober 6 years yesterday actually!",1709784676,ktpwzce,t3_1b7ga8k,t1_ktidkw4,5,False,t5_4aoxhu
newdaynewmatt,This made me laugh so hard,1709779297,ktpjwqu,t3_1b7ga8k,t1_ktidkw4,3,False,t5_4aoxhu
Solarscars,"""emotional blunting"" 
Could I use it to dull anger?",1709742166,ktml2hd,t3_1b7ga8k,t1_ktjlvl1,5,False,t5_4aoxhu
IronMonkeyofHam,"This negative is from extracts, sounds like his grandpa took the actual plant/herb which is much safer.",1709744430,ktmrver,t3_1b7ga8k,t1_ktjlvl1,2,False,t5_4aoxhu
electriccomputermilk,Also worth mentioning how commonly ashwagandha contains lead.,1709740704,ktmgrc0,t3_1b7ga8k,t1_ktjlvl1,1,False,t5_4aoxhu
Odd_Independence4230,also good to know u wanna get ksm-6 ashwaghanda extracts for best results,1709774821,ktp8ciz,t3_1b7ga8k,t1_ktjlvl1,1,False,t5_4aoxhu
newdaynewmatt,"Wow, felt great to read this.  It doesn‚Äôt sit well with me.",1709779503,ktpkfi4,t3_1b7ga8k,t1_ktjlvl1,1,False,t5_4aoxhu
jfisher1207,"I‚Äôve been on the negative side. Had high liver enzymes at age 20 while I was taking it that only went back to normal when I stopped taking. That‚Äôs not an issue you usually deal with at a young age. Awesome that he can handle it, but every body is different so just be wary if you do take it, and checking with your doctor wouldn‚Äôt hurt",1709812688,ktr647n,t3_1b7ga8k,t1_ktjlvl1,1,False,t5_4aoxhu
Training_Mastodon_33,"I wonder how much the grandpa takes? I seem to tolerate ashwaganda when it is part of a mild tea ( yogi stress sleep tea) but not in pill form.

The dosages on some supplements/pills are surprisingly high..",1709858087,ktugkm3,t3_1b7ga8k,t1_ktjlvl1,1,False,t5_4aoxhu
Academic-Cold-3798,"Nobody has an herb deficiency lol. To get your brain and hormones right, you just need to detox your liver and body. Which takes years",1709739889,ktmeck4,t3_1b7ga8k,t1_ktjlvl1,1,False,t5_4aoxhu
browri,Noot' baiting? üòÇ,1709687416,ktjilai,t3_1b7ga8k,t1_ktif8nd,12,False,t5_4aoxhu
Professional-Cap-495,Definitely a bait lol,1709730266,ktlpohd,t3_1b7ga8k,t1_ktif8nd,2,False,t5_4aoxhu
Collationem,Doesn't matter. N=1 is useless either way.,1709751894,ktnexbm,t3_1b7ga8k,t1_ktif8nd,2,False,t5_4aoxhu
Joeyoohoo,Ya what is op making it out to be a big secret and reveal? Fuck off and just post what it is dummy,1709760260,kto4l9x,t3_1b7ga8k,t1_ktif8nd,1,False,t5_4aoxhu
FearlessRestaurant98,Updated it,1709825792,kts1gpr,t3_1b7ga8k,t1_ktif8nd,1,False,t5_4aoxhu
josrios3,My grandmother also smoked until she was 92 and took a shot of tequila every day.,1709696239,ktk4xvi,t3_1b7ga8k,t1_ktimw9o,7,False,t5_4aoxhu
MesssiJesssi,"My great-grandmother made to late 90s, she had bacon almost every morning, lived with her chain smoking husband who smoked indoors until his cancer death in their 60s, she made killer cinnamon-sugar pinwheels, she looked amazing for her age and everyone thought she was closer to 70 when she died. Have the list of her bacon and pinwheel recipes, will share in 2 days. üòõüòÇ",1709730972,ktlr8tz,t3_1b7ga8k,t1_ktimw9o,3,False,t5_4aoxhu
FireflyAdvocate,"My grandma died at 87 having smoked since she was 7 years old and didn‚Äôt drink water for the last 20 years of her life. She had root beer for meals, black coffee all day long, and a beer in the evening after dinner. Low-no exercise.",1709732476,ktluqxe,t3_1b7ga8k,t1_ktimw9o,3,False,t5_4aoxhu
DrWilliamHorriblePhD,Nicotine nootropic confirmed,1709715265,ktl1zhq,t3_1b7ga8k,t1_ktimw9o,2,False,t5_4aoxhu
diamond08054,Can we get the brand and how many per day,1709728257,ktlliw7,t3_1b7ga8k,t1_ktimw9o,2,False,t5_4aoxhu
MrSlothy,Smoked cigarettes until the day she died üé∂ üéµ üé∂ *sick record scratch,1709729468,ktlnzj1,t3_1b7ga8k,t1_ktimw9o,2,False,t5_4aoxhu
Oopsimapanda,Can you give me the ingredients to those nootropic cigarettes so i can add it to my stack?,1709729472,ktlnzv4,t3_1b7ga8k,t1_ktimw9o,2,False,t5_4aoxhu
Logos_Fides,Now that's what I call nootropic!,1709731960,ktltiql,t3_1b7ga8k,t1_ktimw9o,2,False,t5_4aoxhu
Woody2shoez,"lol my wife‚Äôs great grandparents were the same. Grandma lived to 96 and smoked everyday and drank a bottle of vodka a week but wasn‚Äôt very mentally sharp by the end. Grandpa lived to 100, smoked as well and had ice cream for breakfast everyday. He was mentally strong till the end and eventually decided he was ready and stopped drinking water for 4 days while being supervised by his son.",1709736750,ktm5j8j,t3_1b7ga8k,t1_ktimw9o,2,False,t5_4aoxhu
FungusAmongstUst,My grandmother ate ‚Äújelly bread‚Äù for dinner in her later solitary years (which were nearly 20 yrs). Lived until her early 90s,1709749809,ktn8g1x,t3_1b7ga8k,t1_ktimw9o,2,False,t5_4aoxhu
Spirited-Shower2965,You‚Äôre saying it made her live longer üòÇ,1709682994,ktj73i1,t3_1b7ga8k,t1_ktimw9o,4,False,t5_4aoxhu
Affection-Angel,"I'm guessing ""food or drink from outside the house"", as in takeout food. Guessing OP may not have English as a first language. Would be curious about this lifestyle choice, does OPs grandpa avoid all restaurants, or does he only avoid fast food?",1709679496,ktixofs,t3_1b7ga8k,t1_ktiu0vv,4,False,t5_4aoxhu
FearlessRestaurant98,Only home cooked food,1709695030,ktk211b,t3_1b7ga8k,t1_ktiu0vv,3,False,t5_4aoxhu
LocalYeetery,"Yep, not sure how others are missing this.",1709732703,ktlva8m,t3_1b7ga8k,t1_ktlr035,2,False,t5_4aoxhu
savedposts456,"Well he mentioned that dinner is smaller than lunch. So portion control, daily exercise, and never eating takeout are more than enough to explain his positive health outcomes.

Whether or not he took a few herbs or occasionally had white meat are small details compared to portion control, daily exercise and never eating takeout.",1709829521,ktsbigy,t3_1b7ga8k,t1_ktlr035,2,False,t5_4aoxhu
FearlessRestaurant98,Not really he buys from a local herbal ayurvedic shop who grows his own herbs.,1709744195,ktmr5qy,t3_1b7ga8k,t1_ktmq6og,3,False,t5_4aoxhu
W0M1N,RemindMe! 8 days,1709782303,ktprfbw,t3_1b7ga8k,t1_ktj1cr8,2,False,t5_4aoxhu
RemindMeBot,"I will be messaging you in 2 days on [**2024-03-07 23:25:12 UTC**](http://www.wolframalpha.com/input/?i=2024-03-07%2023:25:12%20UTC%20To%20Local%20Time) to remind you of [**this link**](https://www.reddit.com/r/NooTopics/comments/1b7ga8k/my_grandfather_had_been_taking_ashwagandha_daily/ktj23ob/?context=3)

[**33 OTHERS CLICKED THIS LINK**](https://www.reddit.com/message/compose/?to=RemindMeBot&subject=Reminder&message=%5Bhttps%3A%2F%2Fwww.reddit.com%2Fr%2FNooTopics%2Fcomments%2F1b7ga8k%2Fmy_grandfather_had_been_taking_ashwagandha_daily%2Fktj23ob%2F%5D%0A%0ARemindMe%21%202024-03-07%2023%3A25%3A12%20UTC) to send a PM to also be reminded and to reduce spam.

^(Parent commenter can ) [^(delete this message to hide from others.)](https://www.reddit.com/message/compose/?to=RemindMeBot&subject=Delete%20Comment&message=Delete%21%201b7ga8k)

*****

|[^(Info)](https://www.reddit.com/r/RemindMeBot/comments/e1bko7/remindmebot_info_v21/)|[^(Custom)](https://www.reddit.com/message/compose/?to=RemindMeBot&subject=Reminder&message=%5BLink%20or%20message%20inside%20square%20brackets%5D%0A%0ARemindMe%21%20Time%20period%20here)|[^(Your Reminders)](https://www.reddit.com/message/compose/?to=RemindMeBot&subject=List%20Of%20Reminders&message=MyReminders%21)|[^(Feedback)](https://www.reddit.com/message/compose/?to=Watchful1&subject=RemindMeBot%20Feedback)|
|-|-|-|-|",1709681153,ktj27r4,t3_1b7ga8k,t1_ktj23ob,3,False,t5_4aoxhu
SilverSurfer93,"Hey, they updated the list",1709833458,ktsn7ks,t3_1b7ga8k,t1_ktji79n,2,False,t5_4aoxhu
The_Y_,No,1709816656,ktrdzrz,t3_1b7ga8k,t1_ktllu9r,3,False,t5_4aoxhu
FearlessRestaurant98,Damn,1709733147,ktlwcyg,t3_1b7ga8k,t1_ktlrifs,2,False,t5_4aoxhu
FearlessRestaurant98,India,1709737504,ktm7kjd,t3_1b7ga8k,t1_ktm0wgf,1,False,t5_4aoxhu
Electrical_Hour3488,Click bait,1709741243,ktmiccg,t3_1b7ga8k,t1_ktm5c7z,1,False,t5_4aoxhu
FearlessRestaurant98,"Only homemade food and when he rerely goes out it's on proper health meals and no fast foods.


He doesn't have to cook himself as there is a personal cook who makes dinner and lunch at home.",1709746947,ktmzlh8,t3_1b7ga8k,t1_ktmws0j,1,False,t5_4aoxhu
FearlessRestaurant98,I have shitty autocorrect and dyslexia,1709747411,ktn11f4,t3_1b7ga8k,t1_ktmzoku,1,False,t5_4aoxhu
FearlessRestaurant98,"Yeah he drinks 2 cups of masala tea everyday . He puts cardamon, ginger, cinnamon,cloves and holy basil inside it.",1709749488,ktn7geo,t3_1b7ga8k,t1_ktn6bby,1,False,t5_4aoxhu
FearlessRestaurant98,Visiting him tomorrow will ask and post it,1709756057,ktnrpse,t3_1b7ga8k,t1_ktnrmvj,1,False,t5_4aoxhu
fruiop,"Wtf. Many cultures drink cups of tea daily. Britain, middle easterners, asians, etc..",1709775401,ktp9veh,t3_1b7ga8k,t1_ktohww4,1,False,t5_4aoxhu
OptiMETH_Prim3,"Wait a minute‚Ä¶are you my long lost relative? You just described my grandfather to a T. üò≥

 I kinda agree with the luck of the draw but living a healthy lifestyle can only help and not hurt you. Plus you‚Äôll just feel better all the way around.",1709802393,ktqqz0o,t3_1b7ga8k,t1_ktqbbac,1,False,t5_4aoxhu
FearlessRestaurant98,No need to wait that long,1709825727,kts19vj,t3_1b7ga8k,t1_ktrl4uq,1,False,t5_4aoxhu
FearlessRestaurant98,Check again,1709825840,kts1lwd,t3_1b7ga8k,t1_ktrzlnc,3,False,t5_4aoxhu
FearlessRestaurant98,Updated the herbs,1709826501,kts3k8h,t3_1b7ga8k,t1_kts1ptq,1,False,t5_4aoxhu
FearlessRestaurant98,All in equal mix by weight,1709883080,ktvzbtb,t3_1b7ga8k,t1_ktu3rus,1,False,t5_4aoxhu
LocalYeetery,OP even says they're vegan and don't eat fast food. Thats probably most of it right there,1709732667,ktlv74w,t3_1b7ga8k,t1_ktj1n86,2,False,t5_4aoxhu
Grand_Acanthisitta36,RemindMe! 2 days,1709793885,ktqemvc,t3_1b7ga8k,t1_ktqekx2,1,False,t5_4aoxhu
FearlessRestaurant98,Wake up babe,1709825662,kts12yz,t3_1b7ga8k,t1_ktrhtzk,1,False,t5_4aoxhu
FearlessRestaurant98,No idea atleast great great grandpa,1709900603,ktwn4zm,t3_1b7ga8k,t1_ktwi46b,1,False,t5_4aoxhu
limizoi,Does it work?,1709714741,ktl1aj7,t3_1b7ga8k,t1_ktkj256,2,False,t5_4aoxhu
FearlessRestaurant98,See again,1709825857,kts1nmx,t3_1b7ga8k,t1_ktkwccn,2,False,t5_4aoxhu
drugmagician,Gonna just remove the posts ignorantly rebuking you for saying this; ashwagandha is well known to be hepatotoxic.,1709681875,ktj458m,t3_1b7ga8k,t1_ktihd9s,3,False,t5_4aoxhu
CryptoEscape,"One dose!?  Was it excessive?

That‚Äôs crazy (not saying it can‚Äôt be true though)‚Ä¶.I could understand long term use though",1709726136,ktlhl9w,t3_1b7ga8k,t1_ktihd9s,2,False,t5_4aoxhu
CavedMountainPerson,Likewise we vote you list them ‚ò∫Ô∏è,1709683808,ktj97sv,t3_1b7ga8k,t1_ktif6pw,9,False,t5_4aoxhu
Abracanebra,Thanks and any version of the name will do. We can get it translated online or with chatGPT,1709694835,ktk1k5n,t3_1b7ga8k,t1_ktif6pw,3,False,t5_4aoxhu
Rfksemperfi,We can help with translation too,1709697471,ktk7swn,t3_1b7ga8k,t1_ktif6pw,3,False,t5_4aoxhu
steevenbeeven,RemindMe! 2 days,1709723965,ktldz9i,t3_1b7ga8k,t1_ktif6pw,3,False,t5_4aoxhu
jonnihillfigureslm,I‚Äôm curious about this also,1709735939,ktm3dpg,t3_1b7ga8k,t1_ktif6pw,2,False,t5_4aoxhu
Demosthenes5150,"Even just a botanical description like having serrated leaves helps a lot, where they grow, what they look like etc",1709744388,ktmrqt0,t3_1b7ga8k,t1_ktif6pw,2,False,t5_4aoxhu
FungusAmongstUst,What language are they in? If you give me the names maybe I can be of some help.,1709749739,ktn888b,t3_1b7ga8k,t1_ktif6pw,2,False,t5_4aoxhu
Complex_Resolve_5811,Interested,1709749867,ktn8mgv,t3_1b7ga8k,t1_ktif6pw,2,False,t5_4aoxhu
Ginger_Libra,RemindMe! 72 Hours,1709754974,ktnoef4,t3_1b7ga8k,t1_ktif6pw,2,False,t5_4aoxhu
Sandmybags,!remnind mee. 26 hours,1709755431,ktnpsqk,t3_1b7ga8k,t1_ktif6pw,2,False,t5_4aoxhu
MaunderMaximum,If you can get more specific about his diet too I would greatly appreciate it üôè,1709756362,ktnsnf2,t3_1b7ga8k,t1_ktif6pw,2,False,t5_4aoxhu
ExcellSelf,Please do bro!,1709757338,ktnvn5l,t3_1b7ga8k,t1_ktif6pw,2,False,t5_4aoxhu
XeRnOg-,!remindme 1 day,1709759848,kto3b6q,t3_1b7ga8k,t1_ktif6pw,2,False,t5_4aoxhu
Deathpanda15,!RemindMe 2 days,1709765386,ktojrxu,t3_1b7ga8k,t1_ktif6pw,2,False,t5_4aoxhu
nathonj98,Remind me! 2 days,1709769459,ktouq07,t3_1b7ga8k,t1_ktif6pw,2,False,t5_4aoxhu
jshsjsvdkfvsv,Remind me in 72 hours!,1709777281,ktperlh,t3_1b7ga8k,t1_ktif6pw,2,False,t5_4aoxhu
the-pamplemousse,RemindMe! 2 days,1709781315,ktpp04d,t3_1b7ga8k,t1_ktif6pw,2,False,t5_4aoxhu
DollPartsRN,Remindme! 2 days,1709783492,ktpu9rf,t3_1b7ga8k,t1_ktif6pw,2,False,t5_4aoxhu
stuuuda,remind me! 2 days,1709794555,ktqfpa1,t3_1b7ga8k,t1_ktif6pw,2,False,t5_4aoxhu
PerpetualDemiurgic,RemindMe! 2 days,1709817521,ktrfwi2,t3_1b7ga8k,t1_ktif6pw,2,False,t5_4aoxhu
Confused_Nomad777,"Please let me know aswell,very curious!
Have heard that ashwagada isn‚Äôt good long term and that holy basil makes some people near sterile with lowered sperm counts..",1709826133,kts2h0m,t3_1b7ga8k,t1_ktif6pw,2,False,t5_4aoxhu
point03108099708slug,Deepl can probably help you translate some of them into English.,1709826619,kts3wsb,t3_1b7ga8k,t1_ktif6pw,2,False,t5_4aoxhu
Timely-Pie-7226,Remind me in 2 days,1709852767,ktu598l,t3_1b7ga8k,t1_ktif6pw,2,False,t5_4aoxhu
,[deleted],1709786549,ktq13ly,t3_1b7ga8k,t1_ktpwzce,2,False,t5_4aoxhu
baggybritches23,Blue zones disagree,1709798638,ktqlt0u,t3_1b7ga8k,t1_ktpwzce,2,False,t5_4aoxhu
proof_in_pudding,"I agree with you, but I do think you can lengthen your life regardless of genetics. Fasting, for instance, will definitely give you more days on earth.",1709811333,ktr3saj,t3_1b7ga8k,t1_ktpwzce,2,False,t5_4aoxhu
jahblessyou420420,Glad your sober today. I'm proud of you !!!!!,1709838477,ktt23ri,t3_1b7ga8k,t1_ktpwzce,2,False,t5_4aoxhu
fruiop,"Fwiw, I believe that ashwagahnda has caused me to become angry in the past; I‚Äôve heard the same from others. I could have been taking too high of a dose though. It was a pointless kind of anger, like just thinking everything is stupid and being annoyed for no reason.",1709775116,ktp94m1,t3_1b7ga8k,t1_ktml2hd,3,False,t5_4aoxhu
ulmncaontarbolokomon,anger is good. aggression bad,1709747244,ktn0isq,t3_1b7ga8k,t1_ktml2hd,3,False,t5_4aoxhu
BILLYRAYVIRUS4U,This is what I want to know.,1709745900,ktmwcs4,t3_1b7ga8k,t1_ktml2hd,1,False,t5_4aoxhu
Odd_Independence4230,calm magnesium powder.,1709774839,ktp8edc,t3_1b7ga8k,t1_ktml2hd,1,False,t5_4aoxhu
FearlessRestaurant98,Yeah there is a local ayurvedic store owner who grows his own herbs and crushed them to make it's powder and sells them.,1709747084,ktn00xj,t3_1b7ga8k,t1_ktmrver,2,False,t5_4aoxhu
FearlessRestaurant98,I think it happens when It grows in contaminated or bad soil,1709750201,ktn9o5s,t3_1b7ga8k,t1_ktmgrc0,1,False,t5_4aoxhu
MetalingusMikeII,The liver is literally the detox machine of the body‚Ä¶,1709741385,ktmire6,t3_1b7ga8k,t1_ktmeck4,3,False,t5_4aoxhu
NATIONALLYREGISTERED,"""""detox""""",1709741716,ktmjq9q,t3_1b7ga8k,t1_ktmeck4,2,False,t5_4aoxhu
Beneficial-Ad-547,Yes. Are there herbs that help your body detox?,1709758598,ktnzhqv,t3_1b7ga8k,t1_ktmeck4,1,False,t5_4aoxhu
Hensfrfr,Case studies n=1 are useful is the information in verifiable EDITED!!!<‚Äî- TYPO FIXED,1709776535,ktpcu2h,t3_1b7ga8k,t1_ktnexbm,1,False,t5_4aoxhu
ChaireClank,"Oh yeah? Well my *other* grandmother smoked until she was 92, took a shot of rakija every day AND did cocaine",1709697018,ktk6rl3,t3_1b7ga8k,t1_ktk4xvi,6,False,t5_4aoxhu
-Kibbles-N-Tits-,"My uncle is in his 60s and finally gonna die of liver failure within the next 5 years (hep C gave him some type of end stage liver cancer).

But I stg that man was mixing meth/cocaine in the same line just a couple years ago, and strung out his whole life. If it wasn‚Äôt for his liver he‚Äôd probably be fine 

If he sobers up for a couple months you could barely tell

Have a hard time believing this noot stack is why this older man is kick in it so strongly",1709724081,ktle5vj,t3_1b7ga8k,t1_ktk4xvi,1,False,t5_4aoxhu
joytothesoul,"I think tap water is killer. ¬†I‚Äôve met a few people very old who did not drink water, only juice and coffee.¬†",1709776923,ktpdu3i,t3_1b7ga8k,t1_ktluqxe,2,False,t5_4aoxhu
Odd_Independence4230,"bro there‚Äôs so many better ways to go out, death by dehydrations sounds brutal. that‚Äôs very interesting",1709775083,ktp91lg,t3_1b7ga8k,t1_ktm5j8j,2,False,t5_4aoxhu
ExperienceReality,They only kill cowboys,1709689170,ktjn5s0,t3_1b7ga8k,t1_ktj73i1,6,False,t5_4aoxhu
AbhishMuk,I‚Äôm guessing all food that‚Äôs not home cooked,1709689904,ktjp2ii,t3_1b7ga8k,t1_ktixofs,2,False,t5_4aoxhu
BibBobBoo1,I was just messing around.  I saved your thread so I can come back to read the wisdom,1709744255,ktmrcae,t3_1b7ga8k,t1_ktmr5qy,3,False,t5_4aoxhu
FearlessRestaurant98,No need to wait that long,1709825808,kts1ie6,t3_1b7ga8k,t1_ktprfbw,2,False,t5_4aoxhu
devjohn24k,Thanks u,1709860213,ktulxls,t3_1b7ga8k,t1_ktsn7ks,1,False,t5_4aoxhu
Jrfrom262,Also his diet consisted of beans and cactus. But a shot of tequila each morning was his breakfast.,1709734152,ktlyt98,t3_1b7ga8k,t1_ktlwcyg,2,False,t5_4aoxhu
not-enough-mana,"You‚Äôre all good, I figured it was either that or English was a second language for you.",1709748274,ktn3put,t3_1b7ga8k,t1_ktn11f4,1,False,t5_4aoxhu
madanraj1,Yes. But they don‚Äôt Drink Masala chai Tea twice a day üòÉüòÉüòÉ. And they never knew about this Natural Herb Like Ashwagandha and many others.,1709775817,ktpayhv,t3_1b7ga8k,t1_ktp9veh,1,False,t5_4aoxhu
Karenalyvia,What is a common breakfast/lunch for your grandfather?,1709826571,kts3rkd,t3_1b7ga8k,t1_kts3k8h,1,False,t5_4aoxhu
FearlessRestaurant98,Vegetarian not vegan,1709747443,ktn151w,t3_1b7ga8k,t1_ktlv74w,2,False,t5_4aoxhu
FearlessRestaurant98,Check post now,1709825877,kts1prt,t3_1b7ga8k,t1_ktl1aj7,2,False,t5_4aoxhu
christmas_920,RemindMe! 2 days,1709761471,kto88mi,t3_1b7ga8k,t1_ktldz9i,1,False,t5_4aoxhu
Saint_Sabbat,RemindMe! 1 day,1709777251,ktpeon8,t3_1b7ga8k,t1_ktldz9i,1,False,t5_4aoxhu
SSJHoneyBadger,RemindMe! 2 day!,1709788149,ktq4ew5,t3_1b7ga8k,t1_ktldz9i,1,False,t5_4aoxhu
Infinite_Client7922,RemindMe! 2 days,1709789143,ktq6cvr,t3_1b7ga8k,t1_ktldz9i,1,False,t5_4aoxhu
kcwckf,RemindMe! 2 days,1709813547,ktr7p0r,t3_1b7ga8k,t1_ktldz9i,1,False,t5_4aoxhu
Lophonacci,RemindMe! 2 days,1709827281,kts5vqs,t3_1b7ga8k,t1_ktldz9i,1,False,t5_4aoxhu
cpenn1002,RemindMe! 2 days,1709841108,ktt78jk,t3_1b7ga8k,t1_ktldz9i,1,False,t5_4aoxhu
FearlessRestaurant98,No idea about that. He just busy the crushed or powdered version of the herbs from a local ayurvedic store. The dude there grows this own herbs and sells it's crushed or powdered version.,1709744775,ktmswwm,t3_1b7ga8k,t1_ktmrqt0,2,False,t5_4aoxhu
FearlessRestaurant98,Gujarati/Hindi,1709749795,ktn8eih,t3_1b7ga8k,t1_ktn888b,2,False,t5_4aoxhu
RainbowBodyWorker,Me too,1709750756,ktnbe0v,t3_1b7ga8k,t1_ktn8mgv,2,False,t5_4aoxhu
XeRnOg-,RemindMe! 72 Hours,1709759890,kto3fte,t3_1b7ga8k,t1_ktnoef4,2,False,t5_4aoxhu
FearlessRestaurant98,">holy basil makes some people near sterile with lowered speed counts..

Almost everyone in India takes holy basil . If it made people sterile india wouldn't be the most populated country in the world. For me I take it with green tea or masala tea and it takes my stress and anxiety away.

Here in India we put it in our green tee ,we put it in chai, we take it alone also",1709826410,kts3ak2,t3_1b7ga8k,t1_kts2h0m,2,False,t5_4aoxhu
Pure_Abbreviations59,We will be here all day if you want to talk reduced all cause death like that‚Äôs different homie. You‚Äôd probably be interested to learn about how building up muscle for old age is actually the biggest thing one can do for longevity.,1709786956,ktq1yrx,t3_1b7ga8k,t1_ktq13ly,2,False,t5_4aoxhu
Pure_Abbreviations59,Look up mAximizing muscle for old age it‚Äôs actually the biggest thing you can do by miles just read about it very interesting you‚Äôll enjoy it if you like this stuff!!,1709831692,ktshson,t3_1b7ga8k,t1_ktr3saj,3,False,t5_4aoxhu
Pure_Abbreviations59,Hey thanks so much I really appreciate you taking the time!!,1709839613,ktt3qrh,t3_1b7ga8k,t1_ktt23ri,2,False,t5_4aoxhu
maytheflamesguideme1,It makes me very angry and short too. I had to get off it when I had a daily short tempter towards my son,1709788936,ktq5yl9,t3_1b7ga8k,t1_ktp94m1,1,False,t5_4aoxhu
photographers_stone,"All emotions are signals. Emotions themselves aren't good or bad, but there are consequences for not understanding and being able to express ALL emotions in healthy ways. 

Anger is typically a complicated secondary emotion, with a more vulnerable emotion (embarrassment, disappointment, sadness) under the presenting anger. 

You work with anger by working with what's under it. 

Don't conflate emotions, attitudes, and behaviors. 
Aggression is behavioral and attitudinal. Anger is emotional. These distinctions are important.",1709759924,kto3jnp,t3_1b7ga8k,t1_ktn0isq,3,False,t5_4aoxhu
Solarscars,Hey this comment actually really struck a cord in me. Thank you.,1709748113,ktn38ch,t3_1b7ga8k,t1_ktn0isq,4,False,t5_4aoxhu
JCARPX,wait why is this the single best thing I've ever read?,1709791022,ktq9tmj,t3_1b7ga8k,t1_ktn0isq,1,False,t5_4aoxhu
Academic-Cold-3798,Yes. Do you know how it works?,1709743361,ktmon4a,t3_1b7ga8k,t1_ktmire6,1,False,t5_4aoxhu
Academic-Cold-3798,Yes. We are inundated with insane amounts of toxins on a daily basis. And many things that thwart detox.,1709743387,ktmopwd,t3_1b7ga8k,t1_ktmjq9q,1,False,t5_4aoxhu
lkkki,"how else are you gonna get rid of all the ""toxins""???? 

*sips overpriced Instagram MLM fitness drink*",1709767790,ktoqagz,t3_1b7ga8k,t1_ktmjq9q,1,False,t5_4aoxhu
Academic-Cold-3798,No. Usually herbs are toxic to the liver.,1709763811,ktof8ab,t3_1b7ga8k,t1_ktnzhqv,1,False,t5_4aoxhu
josrios3,üòÇ A line a day keeps the reaper away!,1709697073,ktk6wap,t3_1b7ga8k,t1_ktk6rl3,10,False,t5_4aoxhu
what_a_kinky_bitch,"Oh *yeah??* Well *my* grandmother smoked cigarettes dipped in PCP until she was 92.5, smoked fentanyl *AND* injected crack for brunch üíÖüíâ",1709772076,ktp164f,t3_1b7ga8k,t1_ktk6rl3,1,False,t5_4aoxhu
gitfetchmorecoffee,"You can barely tell he was a user, or can barely tell he sobered up? When the liver starts to go, the GI starts to over produce endozepine's. Yes, that's exactly what it sounds like, endogenous benzodiazepines. These are very similar to diazepam. When the liver starts going, hepatic encephalopathy happens from buildup of these little natural benzos, causing sometimes severe cognitive dysfunction.  If your uncle gets clean he should start using lactulose, as it will help clear up by inhibiting production of them.

Has your uncle used the cure yet? There are many effective DAA(direct acting antiviral) drugs that clear up hep c in as little as 8 weeks. Without the harsh side effects of prior treatment.",1709732402,ktlukeo,t3_1b7ga8k,t1_ktle5vj,1,False,t5_4aoxhu
Mundane-Vehicle-9326,How often did your uncle drink alcohol?,1709749791,ktn8e20,t3_1b7ga8k,t1_ktle5vj,1,False,t5_4aoxhu
azerty543,Most old folks not drinking water are usually drinking coffee and tea made with tap water.,1709829916,ktschs3,t3_1b7ga8k,t1_ktpdu3i,2,False,t5_4aoxhu
Woody2shoez,Yeah dude. I can‚Äôt imagine what he went through. I guess he would suck on a damp cloth to take the edge off. Either way dude lived in California which I‚Äôm pretty sure has assisted suicide so idk what his reasoning was for going that route,1709776236,ktpc26h,t3_1b7ga8k,t1_ktp91lg,2,False,t5_4aoxhu
FearlessRestaurant98,"Well it's both. English as a third language , dyslexia and shitty autocorrect.",1709748671,ktn4xmm,t3_1b7ga8k,t1_ktn3put,1,False,t5_4aoxhu
theyhateeachother,RemindMe! 2 days,1709769344,ktoufjk,t3_1b7ga8k,t1_kto88mi,1,False,t5_4aoxhu
Intrepid_Gur_5618,RemindMe! 1 day,1709778425,ktphp6c,t3_1b7ga8k,t1_ktpeon8,1,False,t5_4aoxhu
Icy-Drop-2524,RemindMe! 1 day,1709778753,ktpij8v,t3_1b7ga8k,t1_ktpeon8,1,False,t5_4aoxhu
afkrenna,RemindMe! 2 days!,1709804853,ktqub2p,t3_1b7ga8k,t1_ktq4ew5,1,False,t5_4aoxhu
Mysterious-Star-1627,I know a dude that grows herb!,1709773115,ktp3vfn,t3_1b7ga8k,t1_ktmswwm,2,False,t5_4aoxhu
FungusAmongstUst,Oh yeah. I don‚Äôt know that language but may still be able to help.,1709750205,ktn9olz,t3_1b7ga8k,t1_ktn8eih,2,False,t5_4aoxhu
Confused_Nomad777,"Well..certainly not everyone should take any one substance..
Also there are many factors to procreation..
I‚Äôm not trying to argue it‚Äôs efficacy,just that for certain ashwaganda  reduces testosterone that‚Äôs why it calms people,but has a bad rebound effect once stopped.
That‚Äôs why I worry about holy basil,as no one that I‚Äôm aware of has done mass spec or gas chromatography on some of those herbs.
Just trying to stay safe and learn! :)",1709827219,kts5p89,t3_1b7ga8k,t1_kts3ak2,2,False,t5_4aoxhu
,[deleted],1709788882,ktq5ut8,t3_1b7ga8k,t1_ktq1yrx,2,False,t5_4aoxhu
Confident_Web3110,True,1709862789,ktusjn1,t3_1b7ga8k,t1_ktq1yrx,2,False,t5_4aoxhu
ulmncaontarbolokomon,You're welcome :),1709750993,ktnc4bm,t3_1b7ga8k,t1_ktn38ch,1,False,t5_4aoxhu
Crybaby_Junkie,"Kinda gave me a pause too.. but more like, the things I want to change in my life won't if I pretend not to be upset with the way they are

that might make zero sense",1709756687,ktntnf3,t3_1b7ga8k,t1_ktn38ch,1,False,t5_4aoxhu
nattydread69,It does boost the immune system. Can be bad for the heart though.,1709709626,ktku699,t3_1b7ga8k,t1_ktk6wap,5,False,t5_4aoxhu
poopquiche,"*What's the matter, you never do blow before? Sometimes your heart stop, it start up again. Read a book.*",1709754508,ktnmy8w,t3_1b7ga8k,t1_ktk6wap,1,False,t5_4aoxhu
-Kibbles-N-Tits-,"A lot and often while often not sleeping for extended periods of time on meth (sleep is when your liver regens) on top of having hep c lol

Dudes fucked",1709749931,ktn8tmr,t3_1b7ga8k,t1_ktn8e20,1,False,t5_4aoxhu
Odd_Independence4230,yeah i‚Äôd rather go to a doctor or just find some deadly drugs and go out blissfully,1709776279,ktpc66e,t3_1b7ga8k,t1_ktpc26h,2,False,t5_4aoxhu
not-enough-mana,Still pretty impressive that you know 3 languages. I wish I knew 2,1709750398,ktnaa4z,t3_1b7ga8k,t1_ktn4xmm,1,False,t5_4aoxhu
Ok_Sun5895,RemindMe! 2 days,1709772149,ktp1cv2,t3_1b7ga8k,t1_ktoufjk,1,False,t5_4aoxhu
1011010110102,chatGPT can certainly help,1709783471,ktpu829,t3_1b7ga8k,t1_ktn9olz,2,False,t5_4aoxhu
Pure_Abbreviations59,"No, I must be right every time! Don‚Äôt you know the rules! Go back to class player  because you got schooled ya fool! Just kidding I totally agree haha and I‚Äôm not an expert on anything honestly haha just catch a thing here and there very much bro scienced out at my core of knowledge.. 

To me the real conundrum is if humans would actually want and enjoy being immortal at our human core. Any thoughts? Because personally there‚Äôs no way I‚Äôd want to live past say 100 because idk at 34 I have not found anything in the grind of life that makes me want to be immortal anytime soon here lmao. How weird life would be knowing there‚Äôs no end in site to help pressure finish goals and achievements.",1709789848,ktq7p4n,t3_1b7ga8k,t1_ktq5ut8,2,False,t5_4aoxhu
emmiegeena,"That makes total sense. I've come to think about things like suffering or anxiety in a similar way. Necessary in that they play a role in motivation, but at some point, too much intensity for too long will pass the threshold where it stops being a useful indicator of anything and just starts accumulating as junk anxiety or junk suffering. So I'm inclined to think of anger as the useful indicator and aggression as the state where the signal gets lost in the noise so to speak",1709769682,ktov101,t3_1b7ga8k,t1_ktntnf3,1,False,t5_4aoxhu
derokieausmuskogee,It's really a shame that coca leaves are illegal just because some people choose to abuse them. I would imagine there are benefits to therapeutic use of the raw leaves. They could probably replace a lot of OTCs.,1709749336,ktn6zjt,t3_1b7ga8k,t1_ktku699,1,False,t5_4aoxhu
FearlessRestaurant98,"When everyone around u speaks multiple languages growing up its easy to  learn it as it's a necessity. Friends spoke different language, school taught different language and spoke another one at home .


Although writing and reading is still an issue due to my dyslexia which makes learning new language hard so I have mostly learnt it by speaking and listening.",1709750888,ktnbsiz,t3_1b7ga8k,t1_ktnaa4z,1,False,t5_4aoxhu
iliketo69allthetime,RemindMe! 2 days,1709773108,ktp3uue,t3_1b7ga8k,t1_ktp1cv2,1,False,t5_4aoxhu
nullcavesoil,Remind me! 2 days,1709776315,ktpc9hx,t3_1b7ga8k,t1_ktp1cv2,1,False,t5_4aoxhu
Crybaby_Junkie,think you wrote out my thoughts perfectly ^-^,1709773548,ktp4zrz,t3_1b7ga8k,t1_ktov101,2,False,t5_4aoxhu
lvaleforl,RemindMe! 2 days,1709773538,ktp4ywa,t3_1b7ga8k,t1_ktp3uue,1,False,t5_4aoxhu
BikeEmbarrassed7641,RemindMe! 2 days,1709773670,ktp5bb8,t3_1b7ga8k,t1_ktp4ywa,1,False,t5_4aoxhu
Emotional-Cress4694,RemindMe! 2 days,1709774845,ktp8ez4,t3_1b7ga8k,t1_ktp5bb8,1,False,t5_4aoxhu
